ID,P01
1,V_1-1
2,V_1-2
3,V_1-3
4,V_1-4
5,V_1-5
6,V_1-6
7,V_1-7
8,V_1-8
9,V_1-9
10,V_1-10
11,V_1-11
12,V_1-12
13,V_1-13
14,V_1-14
15,V_1-15
16,V_1-16
17,V_1-17
18,V_1-18
19,V_1-19
20,V_1-20
21,V_1-21
22,V_1-22
23,V_1-23
24,V_1-24
25,V_1-25
26,V_1-26
27,V_1-27
28,V_1-28
29,V_1-29
30,V_1-30
31,V_1-31
32,V_1-32
33,V_1-33
34,V_1-34
35,V_1-35
36,V_1-36
37,V_1-37
38,V_1-38
39,V_1-39
40,V_1-40
41,V_1-41
42,V_1-42
43,V_1-43
44,V_1-44
45,V_1-45
46,V_1-46
47,V_1-47
48,V_1-48
49,V_1-49
50,V_1-50
51,V_1-51
52,V_1-52
53,V_1-53
54,V_1-54
55,V_1-55
56,V_1-56
57,V_1-57
58,V_1-58
59,V_1-59
60,V_1-60
61,V_1-61
62,V_1-62
63,V_1-63
64,V_1-64
65,V_1-65
66,V_1-66
67,V_1-67
68,V_1-68
69,V_1-69
70,V_1-70
71,V_1-71
72,V_1-72
73,V_1-73
74,V_1-74
75,V_1-75
76,V_1-76
77,V_1-77
78,V_1-78
79,V_1-79
80,V_1-80
81,V_1-81
82,V_1-82
83,V_1-83
84,V_1-84
85,V_1-85
86,V_1-86
87,V_1-87
88,V_1-88
89,V_1-89
90,V_1-90
91,V_1-91
92,V_1-92
93,V_1-93
94,V_1-94
95,V_1-95
96,V_1-96
97,V_1-97
98,V_1-98
99,V_1-99
100,V_1-100
101,V_1-101
102,V_1-102
103,V_1-103
104,V_1-104
105,V_1-105
106,V_1-106
107,V_1-107
108,V_1-108
109,V_1-109
110,V_1-110
111,V_1-111
112,V_1-112
113,V_1-113
114,V_1-114
115,V_1-115
116,V_1-116
117,V_1-117
118,V_1-118
119,V_1-119
120,V_1-120
121,V_1-121
122,V_1-122
123,V_1-123
124,V_1-124
125,V_1-125
126,V_1-126
127,V_1-127
128,V_1-128
129,V_1-129
130,V_1-130
131,V_1-131
132,V_1-132
133,V_1-133
134,V_1-134
135,V_1-135
136,V_1-136
137,V_1-137
138,V_1-138
139,V_1-139
140,V_1-140
141,V_1-141
142,V_1-142
143,V_1-143
144,V_1-144
145,V_1-145
146,V_1-146
147,V_1-147
148,V_1-148
149,V_1-149
150,V_1-150
151,V_1-151
152,V_1-152
153,V_1-153
154,V_1-154
155,V_1-155
156,V_1-156
157,V_1-157
158,V_1-158
159,V_1-159
160,V_1-160
161,V_1-161
162,V_1-162
163,V_1-163
164,V_1-164
165,V_1-165
166,V_1-166
167,V_1-167
168,V_1-168
169,V_1-169
170,V_1-170
171,V_1-171
172,V_1-172
173,V_1-173
174,V_1-174
175,V_1-175
176,V_1-176
177,V_1-177
178,V_1-178
179,V_1-179
180,V_1-180
181,V_1-181
182,V_1-182
183,V_1-183
184,V_1-184
185,V_1-185
186,V_1-186
187,V_1-187
188,V_1-188
189,V_1-189
190,V_1-190
191,V_1-191
192,V_1-192
193,V_1-193
194,V_1-194
195,V_1-195
196,V_1-196
197,V_1-197
198,V_1-198
199,V_1-199
200,V_1-200
201,V_1-201
202,V_1-202
203,V_1-203
204,V_1-204
205,V_1-205
206,V_1-206
207,V_1-207
208,V_1-208
209,V_1-209
210,V_1-210
211,V_1-211
212,V_1-212
213,V_1-213
214,V_1-214
215,V_1-215
216,V_1-216
217,V_1-217
218,V_1-218
219,V_1-219
220,V_1-220
221,V_1-221
222,V_1-222
223,V_1-223
224,V_1-224
225,V_1-225
226,V_1-226
227,V_1-227
228,V_1-228
229,V_1-229
230,V_1-230
231,V_1-231
232,V_1-232
233,V_1-233
234,V_1-234
235,V_1-235
236,V_1-236
237,V_1-237
238,V_1-238
239,V_1-239
240,V_1-240
241,V_1-241
242,V_1-242
243,V_1-243
244,V_1-244
245,V_1-245
246,V_1-246
247,V_1-247
248,V_1-248
249,V_1-249
250,V_1-250
251,V_1-251
252,V_1-252
253,V_1-253
254,V_1-254
255,V_1-255
256,V_1-256
257,V_1-257
258,V_1-258
259,V_1-259
260,V_1-260
261,V_1-261
262,V_1-262
263,V_1-263
264,V_1-264
265,V_1-265
266,V_1-266
267,V_1-267
268,V_1-268
269,V_1-269
270,V_1-270
271,V_1-271
272,V_1-272
273,V_1-273
274,V_1-274
275,V_1-275
276,V_1-276
277,V_1-277
278,V_1-278
279,V_1-279
280,V_1-280
281,V_1-281
282,V_1-282
283,V_1-283
284,V_1-284
285,V_1-285
286,V_1-286
287,V_1-287
288,V_1-288
289,V_1-289
290,V_1-290
291,V_1-291
292,V_1-292
293,V_1-293
294,V_1-294
295,V_1-295
296,V_1-296
297,V_1-297
298,V_1-298
299,V_1-299
300,V_1-300
301,V_1-301
302,V_1-302
303,V_1-303
304,V_1-304
305,V_1-305
306,V_1-306
307,V_1-307
308,V_1-308
309,V_1-309
310,V_1-310
311,V_1-311
312,V_1-312
313,V_1-313
314,V_1-314
315,V_1-315
316,V_1-316
317,V_1-317
318,V_1-318
319,V_1-319
320,V_1-320
321,V_1-321
322,V_1-322
323,V_1-323
324,V_1-324
325,V_1-325
326,V_1-326
327,V_1-327
328,V_1-328
329,V_1-329
330,V_1-330
331,V_1-331
332,V_1-332
333,V_1-333
334,V_1-334
335,V_1-335
336,V_1-336
337,V_1-337
338,V_1-338
339,V_1-339
340,V_1-340
341,V_1-341
342,V_1-342
343,V_1-343
344,V_1-344
345,V_1-345
346,V_1-346
347,V_1-347
348,V_1-348
349,V_1-349
350,V_1-350
351,V_1-351
352,V_1-352
353,V_1-353
354,V_1-354
355,V_1-355
356,V_1-356
357,V_1-357
358,V_1-358
359,V_1-359
360,V_1-360
361,V_1-361
362,V_1-362
363,V_1-363
364,V_1-364
365,V_1-365
366,V_1-366
367,V_1-367
368,V_1-368
369,V_1-369
370,V_1-370
371,V_1-371
372,V_1-372
373,V_1-373
374,V_1-374
375,V_1-375
376,V_1-376
377,V_1-377
378,V_1-378
379,V_1-379
380,V_1-380
381,V_1-381
382,V_1-382
383,V_1-383
384,V_1-384
385,V_1-385
386,V_1-386
387,V_1-387
388,V_1-388
389,V_1-389
390,V_1-390
391,V_1-391
392,V_1-392
393,V_1-393
394,V_1-394
395,V_1-395
396,V_1-396
397,V_1-397
398,V_1-398
399,V_1-399
400,V_1-400
401,V_1-401
402,V_1-402
403,V_1-403
404,V_1-404
405,V_1-405
406,V_1-406
407,V_1-407
408,V_1-408
409,V_1-409
410,V_1-410
411,V_1-411
412,V_1-412
413,V_1-413
414,V_1-414
415,V_1-415
416,V_1-416
417,V_1-417
418,V_1-418
419,V_1-419
420,V_1-420
421,V_1-421
422,V_1-422
423,V_1-423
424,V_1-424
425,V_1-425
426,V_1-426
427,V_1-427
428,V_1-428
429,V_1-429
430,V_1-430
431,V_1-431
432,V_1-432
433,V_1-433
434,V_1-434
435,V_1-435
436,V_1-436
437,V_1-437
438,V_1-438
439,V_1-439
440,V_1-440
441,V_1-441
442,V_1-442
443,V_1-443
444,V_1-444
445,V_1-445
446,V_1-446
447,V_1-447
448,V_1-448
449,V_1-449
450,V_1-450
451,V_1-451
452,V_1-452
453,V_1-453
454,V_1-454
455,V_1-455
456,V_1-456
457,V_1-457
458,V_1-458
459,V_1-459
460,V_1-460
461,V_1-461
462,V_1-462
463,V_1-463
464,V_1-464
465,V_1-465
466,V_1-466
467,V_1-467
468,V_1-468
469,V_1-469
470,V_1-470
471,V_1-471
472,V_1-472
473,V_1-473
474,V_1-474
475,V_1-475
476,V_1-476
477,V_1-477
478,V_1-478
479,V_1-479
480,V_1-480
481,V_1-481
482,V_1-482
483,V_1-483
484,V_1-484
485,V_1-485
486,V_1-486
487,V_1-487
488,V_1-488
489,V_1-489
490,V_1-490
491,V_1-491
492,V_1-492
493,V_1-493
494,V_1-494
495,V_1-495
496,V_1-496
497,V_1-497
498,V_1-498
499,V_1-499
500,V_1-500
501,V_1-501
502,V_1-502
503,V_1-503
504,V_1-504
505,V_1-505
506,V_1-506
507,V_1-507
508,V_1-508
509,V_1-509
510,V_1-510
511,V_1-511
512,V_1-512
513,V_1-513
514,V_1-514
515,V_1-515
516,V_1-516
517,V_1-517
518,V_1-518
519,V_1-519
520,V_1-520
521,V_1-521
522,V_1-522
523,V_1-523
524,V_1-524
525,V_1-525
526,V_1-526
527,V_1-527
528,V_1-528
529,V_1-529
530,V_1-530
531,V_1-531
532,V_1-532
533,V_1-533
534,V_1-534
535,V_1-535
536,V_1-536
537,V_1-537
538,V_1-538
539,V_1-539
540,V_1-540
541,V_1-541
542,V_1-542
543,V_1-543
544,V_1-544
545,V_1-545
546,V_1-546
547,V_1-547
548,V_1-548
549,V_1-549
550,V_1-550
551,V_1-551
552,V_1-552
553,V_1-553
554,V_1-554
555,V_1-555
556,V_1-556
557,V_1-557
558,V_1-558
559,V_1-559
560,V_1-560
561,V_1-561
562,V_1-562
563,V_1-563
564,V_1-564
565,V_1-565
566,V_1-566
567,V_1-567
568,V_1-568
569,V_1-569
570,V_1-570
571,V_1-571
572,V_1-572
573,V_1-573
574,V_1-574
575,V_1-575
576,V_1-576
577,V_1-577
578,V_1-578
579,V_1-579
580,V_1-580
581,V_1-581
582,V_1-582
583,V_1-583
584,V_1-584
585,V_1-585
586,V_1-586
587,V_1-587
588,V_1-588
589,V_1-589
590,V_1-590
591,V_1-591
592,V_1-592
593,V_1-593
594,V_1-594
595,V_1-595
596,V_1-596
597,V_1-597
598,V_1-598
599,V_1-599
600,V_1-600
601,V_1-601
602,V_1-602
603,V_1-603
604,V_1-604
605,V_1-605
606,V_1-606
607,V_1-607
608,V_1-608
609,V_1-609
610,V_1-610
611,V_1-611
612,V_1-612
613,V_1-613
614,V_1-614
615,V_1-615
616,V_1-616
617,V_1-617
618,V_1-618
619,V_1-619
620,V_1-620
621,V_1-621
622,V_1-622
623,V_1-623
624,V_1-624
625,V_1-625
626,V_1-626
627,V_1-627
628,V_1-628
629,V_1-629
630,V_1-630
631,V_1-631
632,V_1-632
633,V_1-633
634,V_1-634
635,V_1-635
636,V_1-636
637,V_1-637
638,V_1-638
639,V_1-639
640,V_1-640
641,V_1-641
642,V_1-642
643,V_1-643
644,V_1-644
645,V_1-645
646,V_1-646
647,V_1-647
648,V_1-648
649,V_1-649
650,V_1-650
651,V_1-651
652,V_1-652
653,V_1-653
654,V_1-654
655,V_1-655
656,V_1-656
657,V_1-657
658,V_1-658
659,V_1-659
660,V_1-660
661,V_1-661
662,V_1-662
663,V_1-663
664,V_1-664
665,V_1-665
666,V_1-666
667,V_1-667
668,V_1-668
669,V_1-669
670,V_1-670
671,V_1-671
672,V_1-672
673,V_1-673
674,V_1-674
675,V_1-675
676,V_1-676
677,V_1-677
678,V_1-678
679,V_1-679
680,V_1-680
681,V_1-681
682,V_1-682
683,V_1-683
684,V_1-684
685,V_1-685
686,V_1-686
687,V_1-687
688,V_1-688
689,V_1-689
690,V_1-690
691,V_1-691
692,V_1-692
693,V_1-693
694,V_1-694
695,V_1-695
696,V_1-696
697,V_1-697
698,V_1-698
699,V_1-699
700,V_1-700
701,V_1-701
702,V_1-702
703,V_1-703
704,V_1-704
705,V_1-705
706,V_1-706
707,V_1-707
708,V_1-708
709,V_1-709
710,V_1-710
711,V_1-711
712,V_1-712
713,V_1-713
714,V_1-714
715,V_1-715
716,V_1-716
717,V_1-717
718,V_1-718
719,V_1-719
720,V_1-720
721,V_1-721
722,V_1-722
723,V_1-723
724,V_1-724
725,V_1-725
726,V_1-726
727,V_1-727
728,V_1-728
729,V_1-729
730,V_1-730
731,V_1-731
732,V_1-732
733,V_1-733
734,V_1-734
735,V_1-735
736,V_1-736
737,V_1-737
738,V_1-738
739,V_1-739
740,V_1-740
741,V_1-741
742,V_1-742
743,V_1-743
744,V_1-744
745,V_1-745
746,V_1-746
747,V_1-747
748,V_1-748
749,V_1-749
750,V_1-750
751,V_1-751
752,V_1-752
753,V_1-753
754,V_1-754
755,V_1-755
756,V_1-756
757,V_1-757
758,V_1-758
759,V_1-759
760,V_1-760
761,V_1-761
762,V_1-762
763,V_1-763
764,V_1-764
765,V_1-765
766,V_1-766
767,V_1-767
768,V_1-768
769,V_1-769
770,V_1-770
771,V_1-771
772,V_1-772
773,V_1-773
774,V_1-774
775,V_1-775
776,V_1-776
777,V_1-777
778,V_1-778
779,V_1-779
780,V_1-780
781,V_1-781
782,V_1-782
783,V_1-783
784,V_1-784
785,V_1-785
786,V_1-786
787,V_1-787
788,V_1-788
789,V_1-789
790,V_1-790
791,V_1-791
792,V_1-792
793,V_1-793
794,V_1-794
795,V_1-795
796,V_1-796
797,V_1-797
798,V_1-798
799,V_1-799
800,V_1-800
801,V_1-801
802,V_1-802
803,V_1-803
804,V_1-804
805,V_1-805
806,V_1-806
807,V_1-807
808,V_1-808
809,V_1-809
810,V_1-810
811,V_1-811
812,V_1-812
813,V_1-813
814,V_1-814
815,V_1-815
816,V_1-816
817,V_1-817
818,V_1-818
819,V_1-819
820,V_1-820
821,V_1-821
822,V_1-822
823,V_1-823
824,V_1-824
825,V_1-825
826,V_1-826
827,V_1-827
828,V_1-828
829,V_1-829
830,V_1-830
831,V_1-831
832,V_1-832
833,V_1-833
834,V_1-834
835,V_1-835
836,V_1-836
837,V_1-837
838,V_1-838
839,V_1-839
840,V_1-840
841,V_1-841
842,V_1-842
843,V_1-843
844,V_1-844
845,V_1-845
846,V_1-846
847,V_1-847
848,V_1-848
849,V_1-849
850,V_1-850
851,V_1-851
852,V_1-852
853,V_1-853
854,V_1-854
855,V_1-855
856,V_1-856
857,V_1-857
858,V_1-858
859,V_1-859
860,V_1-860
861,V_1-861
862,V_1-862
863,V_1-863
864,V_1-864
865,V_1-865
866,V_1-866
867,V_1-867
868,V_1-868
869,V_1-869
870,V_1-870
871,V_1-871
872,V_1-872
873,V_1-873
874,V_1-874
875,V_1-875
876,V_1-876
877,V_1-877
878,V_1-878
879,V_1-879
880,V_1-880
881,V_1-881
882,V_1-882
883,V_1-883
884,V_1-884
885,V_1-885
886,V_1-886
887,V_1-887
888,V_1-888
889,V_1-889
890,V_1-890
891,V_1-891
892,V_1-892
893,V_1-893
894,V_1-894
895,V_1-895
896,V_1-896
897,V_1-897
898,V_1-898
899,V_1-899
900,V_1-900
901,V_1-901
902,V_1-902
903,V_1-903
904,V_1-904
905,V_1-905
906,V_1-906
907,V_1-907
908,V_1-908
909,V_1-909
910,V_1-910
911,V_1-911
912,V_1-912
913,V_1-913
914,V_1-914
915,V_1-915
916,V_1-916
917,V_1-917
918,V_1-918
919,V_1-919
920,V_1-920
921,V_1-921
922,V_1-922
923,V_1-923
924,V_1-924
925,V_1-925
926,V_1-926
927,V_1-927
928,V_1-928
929,V_1-929
930,V_1-930
931,V_1-931
932,V_1-932
933,V_1-933
934,V_1-934
935,V_1-935
936,V_1-936
937,V_1-937
938,V_1-938
939,V_1-939
940,V_1-940
941,V_1-941
942,V_1-942
943,V_1-943
944,V_1-944
945,V_1-945
946,V_1-946
947,V_1-947
948,V_1-948
949,V_1-949
950,V_1-950
951,V_1-951
952,V_1-952
953,V_1-953
954,V_1-954
955,V_1-955
956,V_1-956
957,V_1-957
958,V_1-958
959,V_1-959
960,V_1-960
961,V_1-961
962,V_1-962
963,V_1-963
964,V_1-964
965,V_1-965
966,V_1-966
967,V_1-967
968,V_1-968
969,V_1-969
970,V_1-970
971,V_1-971
972,V_1-972
973,V_1-973
974,V_1-974
975,V_1-975
976,V_1-976
977,V_1-977
978,V_1-978
979,V_1-979
980,V_1-980
981,V_1-981
982,V_1-982
983,V_1-983
984,V_1-984
985,V_1-985
986,V_1-986
987,V_1-987
988,V_1-988
989,V_1-989
990,V_1-990
991,V_1-991
992,V_1-992
993,V_1-993
994,V_1-994
995,V_1-995
996,V_1-996
997,V_1-997
998,V_1-998
999,V_1-999
1000,V_1-1000
