ID,P02
1,V_2-1
2,V_2-2
3,V_2-3
4,V_2-4
5,V_2-5
6,V_2-6
7,V_2-7
8,V_2-8
9,V_2-9
10,V_2-10
11,V_2-11
12,V_2-12
13,V_2-13
14,V_2-14
15,V_2-15
16,V_2-16
17,V_2-17
18,V_2-18
19,V_2-19
20,V_2-20
21,V_2-21
22,V_2-22
23,V_2-23
24,V_2-24
25,V_2-25
26,V_2-26
27,V_2-27
28,V_2-28
29,V_2-29
30,V_2-30
31,V_2-31
32,V_2-32
33,V_2-33
34,V_2-34
35,V_2-35
36,V_2-36
37,V_2-37
38,V_2-38
39,V_2-39
40,V_2-40
41,V_2-41
42,V_2-42
43,V_2-43
44,V_2-44
45,V_2-45
46,V_2-46
47,V_2-47
48,V_2-48
49,V_2-49
50,V_2-50
51,V_2-51
52,V_2-52
53,V_2-53
54,V_2-54
55,V_2-55
56,V_2-56
57,V_2-57
58,V_2-58
59,V_2-59
60,V_2-60
61,V_2-61
62,V_2-62
63,V_2-63
64,V_2-64
65,V_2-65
66,V_2-66
67,V_2-67
68,V_2-68
69,V_2-69
70,V_2-70
71,V_2-71
72,V_2-72
73,V_2-73
74,V_2-74
75,V_2-75
76,V_2-76
77,V_2-77
78,V_2-78
79,V_2-79
80,V_2-80
81,V_2-81
82,V_2-82
83,V_2-83
84,V_2-84
85,V_2-85
86,V_2-86
87,V_2-87
88,V_2-88
89,V_2-89
90,V_2-90
91,V_2-91
92,V_2-92
93,V_2-93
94,V_2-94
95,V_2-95
96,V_2-96
97,V_2-97
98,V_2-98
99,V_2-99
100,V_2-100
101,V_2-101
102,V_2-102
103,V_2-103
104,V_2-104
105,V_2-105
106,V_2-106
107,V_2-107
108,V_2-108
109,V_2-109
110,V_2-110
111,V_2-111
112,V_2-112
113,V_2-113
114,V_2-114
115,V_2-115
116,V_2-116
117,V_2-117
118,V_2-118
119,V_2-119
120,V_2-120
121,V_2-121
122,V_2-122
123,V_2-123
124,V_2-124
125,V_2-125
126,V_2-126
127,V_2-127
128,V_2-128
129,V_2-129
130,V_2-130
131,V_2-131
132,V_2-132
133,V_2-133
134,V_2-134
135,V_2-135
136,V_2-136
137,V_2-137
138,V_2-138
139,V_2-139
140,V_2-140
141,V_2-141
142,V_2-142
143,V_2-143
144,V_2-144
145,V_2-145
146,V_2-146
147,V_2-147
148,V_2-148
149,V_2-149
150,V_2-150
151,V_2-151
152,V_2-152
153,V_2-153
154,V_2-154
155,V_2-155
156,V_2-156
157,V_2-157
158,V_2-158
159,V_2-159
160,V_2-160
161,V_2-161
162,V_2-162
163,V_2-163
164,V_2-164
165,V_2-165
166,V_2-166
167,V_2-167
168,V_2-168
169,V_2-169
170,V_2-170
171,V_2-171
172,V_2-172
173,V_2-173
174,V_2-174
175,V_2-175
176,V_2-176
177,V_2-177
178,V_2-178
179,V_2-179
180,V_2-180
181,V_2-181
182,V_2-182
183,V_2-183
184,V_2-184
185,V_2-185
186,V_2-186
187,V_2-187
188,V_2-188
189,V_2-189
190,V_2-190
191,V_2-191
192,V_2-192
193,V_2-193
194,V_2-194
195,V_2-195
196,V_2-196
197,V_2-197
198,V_2-198
199,V_2-199
200,V_2-200
201,V_2-201
202,V_2-202
203,V_2-203
204,V_2-204
205,V_2-205
206,V_2-206
207,V_2-207
208,V_2-208
209,V_2-209
210,V_2-210
211,V_2-211
212,V_2-212
213,V_2-213
214,V_2-214
215,V_2-215
216,V_2-216
217,V_2-217
218,V_2-218
219,V_2-219
220,V_2-220
221,V_2-221
222,V_2-222
223,V_2-223
224,V_2-224
225,V_2-225
226,V_2-226
227,V_2-227
228,V_2-228
229,V_2-229
230,V_2-230
231,V_2-231
232,V_2-232
233,V_2-233
234,V_2-234
235,V_2-235
236,V_2-236
237,V_2-237
238,V_2-238
239,V_2-239
240,V_2-240
241,V_2-241
242,V_2-242
243,V_2-243
244,V_2-244
245,V_2-245
246,V_2-246
247,V_2-247
248,V_2-248
249,V_2-249
250,V_2-250
251,V_2-251
252,V_2-252
253,V_2-253
254,V_2-254
255,V_2-255
256,V_2-256
257,V_2-257
258,V_2-258
259,V_2-259
260,V_2-260
261,V_2-261
262,V_2-262
263,V_2-263
264,V_2-264
265,V_2-265
266,V_2-266
267,V_2-267
268,V_2-268
269,V_2-269
270,V_2-270
271,V_2-271
272,V_2-272
273,V_2-273
274,V_2-274
275,V_2-275
276,V_2-276
277,V_2-277
278,V_2-278
279,V_2-279
280,V_2-280
281,V_2-281
282,V_2-282
283,V_2-283
284,V_2-284
285,V_2-285
286,V_2-286
287,V_2-287
288,V_2-288
289,V_2-289
290,V_2-290
291,V_2-291
292,V_2-292
293,V_2-293
294,V_2-294
295,V_2-295
296,V_2-296
297,V_2-297
298,V_2-298
299,V_2-299
300,V_2-300
301,V_2-301
302,V_2-302
303,V_2-303
304,V_2-304
305,V_2-305
306,V_2-306
307,V_2-307
308,V_2-308
309,V_2-309
310,V_2-310
311,V_2-311
312,V_2-312
313,V_2-313
314,V_2-314
315,V_2-315
316,V_2-316
317,V_2-317
318,V_2-318
319,V_2-319
320,V_2-320
321,V_2-321
322,V_2-322
323,V_2-323
324,V_2-324
325,V_2-325
326,V_2-326
327,V_2-327
328,V_2-328
329,V_2-329
330,V_2-330
331,V_2-331
332,V_2-332
333,V_2-333
334,V_2-334
335,V_2-335
336,V_2-336
337,V_2-337
338,V_2-338
339,V_2-339
340,V_2-340
341,V_2-341
342,V_2-342
343,V_2-343
344,V_2-344
345,V_2-345
346,V_2-346
347,V_2-347
348,V_2-348
349,V_2-349
350,V_2-350
351,V_2-351
352,V_2-352
353,V_2-353
354,V_2-354
355,V_2-355
356,V_2-356
357,V_2-357
358,V_2-358
359,V_2-359
360,V_2-360
361,V_2-361
362,V_2-362
363,V_2-363
364,V_2-364
365,V_2-365
366,V_2-366
367,V_2-367
368,V_2-368
369,V_2-369
370,V_2-370
371,V_2-371
372,V_2-372
373,V_2-373
374,V_2-374
375,V_2-375
376,V_2-376
377,V_2-377
378,V_2-378
379,V_2-379
380,V_2-380
381,V_2-381
382,V_2-382
383,V_2-383
384,V_2-384
385,V_2-385
386,V_2-386
387,V_2-387
388,V_2-388
389,V_2-389
390,V_2-390
391,V_2-391
392,V_2-392
393,V_2-393
394,V_2-394
395,V_2-395
396,V_2-396
397,V_2-397
398,V_2-398
399,V_2-399
400,V_2-400
401,V_2-401
402,V_2-402
403,V_2-403
404,V_2-404
405,V_2-405
406,V_2-406
407,V_2-407
408,V_2-408
409,V_2-409
410,V_2-410
411,V_2-411
412,V_2-412
413,V_2-413
414,V_2-414
415,V_2-415
416,V_2-416
417,V_2-417
418,V_2-418
419,V_2-419
420,V_2-420
421,V_2-421
422,V_2-422
423,V_2-423
424,V_2-424
425,V_2-425
426,V_2-426
427,V_2-427
428,V_2-428
429,V_2-429
430,V_2-430
431,V_2-431
432,V_2-432
433,V_2-433
434,V_2-434
435,V_2-435
436,V_2-436
437,V_2-437
438,V_2-438
439,V_2-439
440,V_2-440
441,V_2-441
442,V_2-442
443,V_2-443
444,V_2-444
445,V_2-445
446,V_2-446
447,V_2-447
448,V_2-448
449,V_2-449
450,V_2-450
451,V_2-451
452,V_2-452
453,V_2-453
454,V_2-454
455,V_2-455
456,V_2-456
457,V_2-457
458,V_2-458
459,V_2-459
460,V_2-460
461,V_2-461
462,V_2-462
463,V_2-463
464,V_2-464
465,V_2-465
466,V_2-466
467,V_2-467
468,V_2-468
469,V_2-469
470,V_2-470
471,V_2-471
472,V_2-472
473,V_2-473
474,V_2-474
475,V_2-475
476,V_2-476
477,V_2-477
478,V_2-478
479,V_2-479
480,V_2-480
481,V_2-481
482,V_2-482
483,V_2-483
484,V_2-484
485,V_2-485
486,V_2-486
487,V_2-487
488,V_2-488
489,V_2-489
490,V_2-490
491,V_2-491
492,V_2-492
493,V_2-493
494,V_2-494
495,V_2-495
496,V_2-496
497,V_2-497
498,V_2-498
499,V_2-499
500,V_2-500
501,V_2-501
502,V_2-502
503,V_2-503
504,V_2-504
505,V_2-505
506,V_2-506
507,V_2-507
508,V_2-508
509,V_2-509
510,V_2-510
511,V_2-511
512,V_2-512
513,V_2-513
514,V_2-514
515,V_2-515
516,V_2-516
517,V_2-517
518,V_2-518
519,V_2-519
520,V_2-520
521,V_2-521
522,V_2-522
523,V_2-523
524,V_2-524
525,V_2-525
526,V_2-526
527,V_2-527
528,V_2-528
529,V_2-529
530,V_2-530
531,V_2-531
532,V_2-532
533,V_2-533
534,V_2-534
535,V_2-535
536,V_2-536
537,V_2-537
538,V_2-538
539,V_2-539
540,V_2-540
541,V_2-541
542,V_2-542
543,V_2-543
544,V_2-544
545,V_2-545
546,V_2-546
547,V_2-547
548,V_2-548
549,V_2-549
550,V_2-550
551,V_2-551
552,V_2-552
553,V_2-553
554,V_2-554
555,V_2-555
556,V_2-556
557,V_2-557
558,V_2-558
559,V_2-559
560,V_2-560
561,V_2-561
562,V_2-562
563,V_2-563
564,V_2-564
565,V_2-565
566,V_2-566
567,V_2-567
568,V_2-568
569,V_2-569
570,V_2-570
571,V_2-571
572,V_2-572
573,V_2-573
574,V_2-574
575,V_2-575
576,V_2-576
577,V_2-577
578,V_2-578
579,V_2-579
580,V_2-580
581,V_2-581
582,V_2-582
583,V_2-583
584,V_2-584
585,V_2-585
586,V_2-586
587,V_2-587
588,V_2-588
589,V_2-589
590,V_2-590
591,V_2-591
592,V_2-592
593,V_2-593
594,V_2-594
595,V_2-595
596,V_2-596
597,V_2-597
598,V_2-598
599,V_2-599
600,V_2-600
601,V_2-601
602,V_2-602
603,V_2-603
604,V_2-604
605,V_2-605
606,V_2-606
607,V_2-607
608,V_2-608
609,V_2-609
610,V_2-610
611,V_2-611
612,V_2-612
613,V_2-613
614,V_2-614
615,V_2-615
616,V_2-616
617,V_2-617
618,V_2-618
619,V_2-619
620,V_2-620
621,V_2-621
622,V_2-622
623,V_2-623
624,V_2-624
625,V_2-625
626,V_2-626
627,V_2-627
628,V_2-628
629,V_2-629
630,V_2-630
631,V_2-631
632,V_2-632
633,V_2-633
634,V_2-634
635,V_2-635
636,V_2-636
637,V_2-637
638,V_2-638
639,V_2-639
640,V_2-640
641,V_2-641
642,V_2-642
643,V_2-643
644,V_2-644
645,V_2-645
646,V_2-646
647,V_2-647
648,V_2-648
649,V_2-649
650,V_2-650
651,V_2-651
652,V_2-652
653,V_2-653
654,V_2-654
655,V_2-655
656,V_2-656
657,V_2-657
658,V_2-658
659,V_2-659
660,V_2-660
661,V_2-661
662,V_2-662
663,V_2-663
664,V_2-664
665,V_2-665
666,V_2-666
667,V_2-667
668,V_2-668
669,V_2-669
670,V_2-670
671,V_2-671
672,V_2-672
673,V_2-673
674,V_2-674
675,V_2-675
676,V_2-676
677,V_2-677
678,V_2-678
679,V_2-679
680,V_2-680
681,V_2-681
682,V_2-682
683,V_2-683
684,V_2-684
685,V_2-685
686,V_2-686
687,V_2-687
688,V_2-688
689,V_2-689
690,V_2-690
691,V_2-691
692,V_2-692
693,V_2-693
694,V_2-694
695,V_2-695
696,V_2-696
697,V_2-697
698,V_2-698
699,V_2-699
700,V_2-700
701,V_2-701
702,V_2-702
703,V_2-703
704,V_2-704
705,V_2-705
706,V_2-706
707,V_2-707
708,V_2-708
709,V_2-709
710,V_2-710
711,V_2-711
712,V_2-712
713,V_2-713
714,V_2-714
715,V_2-715
716,V_2-716
717,V_2-717
718,V_2-718
719,V_2-719
720,V_2-720
721,V_2-721
722,V_2-722
723,V_2-723
724,V_2-724
725,V_2-725
726,V_2-726
727,V_2-727
728,V_2-728
729,V_2-729
730,V_2-730
731,V_2-731
732,V_2-732
733,V_2-733
734,V_2-734
735,V_2-735
736,V_2-736
737,V_2-737
738,V_2-738
739,V_2-739
740,V_2-740
741,V_2-741
742,V_2-742
743,V_2-743
744,V_2-744
745,V_2-745
746,V_2-746
747,V_2-747
748,V_2-748
749,V_2-749
750,V_2-750
751,V_2-751
752,V_2-752
753,V_2-753
754,V_2-754
755,V_2-755
756,V_2-756
757,V_2-757
758,V_2-758
759,V_2-759
760,V_2-760
761,V_2-761
762,V_2-762
763,V_2-763
764,V_2-764
765,V_2-765
766,V_2-766
767,V_2-767
768,V_2-768
769,V_2-769
770,V_2-770
771,V_2-771
772,V_2-772
773,V_2-773
774,V_2-774
775,V_2-775
776,V_2-776
777,V_2-777
778,V_2-778
779,V_2-779
780,V_2-780
781,V_2-781
782,V_2-782
783,V_2-783
784,V_2-784
785,V_2-785
786,V_2-786
787,V_2-787
788,V_2-788
789,V_2-789
790,V_2-790
791,V_2-791
792,V_2-792
793,V_2-793
794,V_2-794
795,V_2-795
796,V_2-796
797,V_2-797
798,V_2-798
799,V_2-799
800,V_2-800
801,V_2-801
802,V_2-802
803,V_2-803
804,V_2-804
805,V_2-805
806,V_2-806
807,V_2-807
808,V_2-808
809,V_2-809
810,V_2-810
811,V_2-811
812,V_2-812
813,V_2-813
814,V_2-814
815,V_2-815
816,V_2-816
817,V_2-817
818,V_2-818
819,V_2-819
820,V_2-820
821,V_2-821
822,V_2-822
823,V_2-823
824,V_2-824
825,V_2-825
826,V_2-826
827,V_2-827
828,V_2-828
829,V_2-829
830,V_2-830
831,V_2-831
832,V_2-832
833,V_2-833
834,V_2-834
835,V_2-835
836,V_2-836
837,V_2-837
838,V_2-838
839,V_2-839
840,V_2-840
841,V_2-841
842,V_2-842
843,V_2-843
844,V_2-844
845,V_2-845
846,V_2-846
847,V_2-847
848,V_2-848
849,V_2-849
850,V_2-850
851,V_2-851
852,V_2-852
853,V_2-853
854,V_2-854
855,V_2-855
856,V_2-856
857,V_2-857
858,V_2-858
859,V_2-859
860,V_2-860
861,V_2-861
862,V_2-862
863,V_2-863
864,V_2-864
865,V_2-865
866,V_2-866
867,V_2-867
868,V_2-868
869,V_2-869
870,V_2-870
871,V_2-871
872,V_2-872
873,V_2-873
874,V_2-874
875,V_2-875
876,V_2-876
877,V_2-877
878,V_2-878
879,V_2-879
880,V_2-880
881,V_2-881
882,V_2-882
883,V_2-883
884,V_2-884
885,V_2-885
886,V_2-886
887,V_2-887
888,V_2-888
889,V_2-889
890,V_2-890
891,V_2-891
892,V_2-892
893,V_2-893
894,V_2-894
895,V_2-895
896,V_2-896
897,V_2-897
898,V_2-898
899,V_2-899
900,V_2-900
901,V_2-901
902,V_2-902
903,V_2-903
904,V_2-904
905,V_2-905
906,V_2-906
907,V_2-907
908,V_2-908
909,V_2-909
910,V_2-910
911,V_2-911
912,V_2-912
913,V_2-913
914,V_2-914
915,V_2-915
916,V_2-916
917,V_2-917
918,V_2-918
919,V_2-919
920,V_2-920
921,V_2-921
922,V_2-922
923,V_2-923
924,V_2-924
925,V_2-925
926,V_2-926
927,V_2-927
928,V_2-928
929,V_2-929
930,V_2-930
931,V_2-931
932,V_2-932
933,V_2-933
934,V_2-934
935,V_2-935
936,V_2-936
937,V_2-937
938,V_2-938
939,V_2-939
940,V_2-940
941,V_2-941
942,V_2-942
943,V_2-943
944,V_2-944
945,V_2-945
946,V_2-946
947,V_2-947
948,V_2-948
949,V_2-949
950,V_2-950
951,V_2-951
952,V_2-952
953,V_2-953
954,V_2-954
955,V_2-955
956,V_2-956
957,V_2-957
958,V_2-958
959,V_2-959
960,V_2-960
961,V_2-961
962,V_2-962
963,V_2-963
964,V_2-964
965,V_2-965
966,V_2-966
967,V_2-967
968,V_2-968
969,V_2-969
970,V_2-970
971,V_2-971
972,V_2-972
973,V_2-973
974,V_2-974
975,V_2-975
976,V_2-976
977,V_2-977
978,V_2-978
979,V_2-979
980,V_2-980
981,V_2-981
982,V_2-982
983,V_2-983
984,V_2-984
985,V_2-985
986,V_2-986
987,V_2-987
988,V_2-988
989,V_2-989
990,V_2-990
991,V_2-991
992,V_2-992
993,V_2-993
994,V_2-994
995,V_2-995
996,V_2-996
997,V_2-997
998,V_2-998
999,V_2-999
1000,V_2-1000
