ID,P01,P02
1,V_1-1,V_2-1
2,V_1-2,V_2-2
3,V_1-3,V_2-3
4,V_1-4,V_2-4
5,V_1-5,V_2-5
6,V_1-6,V_2-6
7,V_1-7,V_2-7
8,V_1-8,V_2-8
9,V_1-9,V_2-9
10,V_1-10,V_2-10
11,V_1-11,V_2-11
12,V_1-12,V_2-12
13,V_1-13,V_2-13
14,V_1-14,V_2-14
15,V_1-15,V_2-15
16,V_1-16,V_2-16
17,V_1-17,V_2-17
18,V_1-18,V_2-18
19,V_1-19,V_2-19
20,V_1-20,V_2-20
21,V_1-21,V_2-21
22,V_1-22,V_2-22
23,V_1-23,V_2-23
24,V_1-24,V_2-24
25,V_1-25,V_2-25
26,V_1-26,V_2-26
27,V_1-27,V_2-27
28,V_1-28,V_2-28
29,V_1-29,V_2-29
30,V_1-30,V_2-30
31,V_1-31,V_2-31
32,V_1-32,V_2-32
33,V_1-33,V_2-33
34,V_1-34,V_2-34
35,V_1-35,V_2-35
36,V_1-36,V_2-36
37,V_1-37,V_2-37
38,V_1-38,V_2-38
39,V_1-39,V_2-39
40,V_1-40,V_2-40
41,V_1-41,V_2-41
42,V_1-42,V_2-42
43,V_1-43,V_2-43
44,V_1-44,V_2-44
45,V_1-45,V_2-45
46,V_1-46,V_2-46
47,V_1-47,V_2-47
48,V_1-48,V_2-48
49,V_1-49,V_2-49
50,V_1-50,V_2-50
51,V_1-51,V_2-51
52,V_1-52,V_2-52
53,V_1-53,V_2-53
54,V_1-54,V_2-54
55,V_1-55,V_2-55
56,V_1-56,V_2-56
57,V_1-57,V_2-57
58,V_1-58,V_2-58
59,V_1-59,V_2-59
60,V_1-60,V_2-60
61,V_1-61,V_2-61
62,V_1-62,V_2-62
63,V_1-63,V_2-63
64,V_1-64,V_2-64
65,V_1-65,V_2-65
66,V_1-66,V_2-66
67,V_1-67,V_2-67
68,V_1-68,V_2-68
69,V_1-69,V_2-69
70,V_1-70,V_2-70
71,V_1-71,V_2-71
72,V_1-72,V_2-72
73,V_1-73,V_2-73
74,V_1-74,V_2-74
75,V_1-75,V_2-75
76,V_1-76,V_2-76
77,V_1-77,V_2-77
78,V_1-78,V_2-78
79,V_1-79,V_2-79
80,V_1-80,V_2-80
81,V_1-81,V_2-81
82,V_1-82,V_2-82
83,V_1-83,V_2-83
84,V_1-84,V_2-84
85,V_1-85,V_2-85
86,V_1-86,V_2-86
87,V_1-87,V_2-87
88,V_1-88,V_2-88
89,V_1-89,V_2-89
90,V_1-90,V_2-90
91,V_1-91,V_2-91
92,V_1-92,V_2-92
93,V_1-93,V_2-93
94,V_1-94,V_2-94
95,V_1-95,V_2-95
96,V_1-96,V_2-96
97,V_1-97,V_2-97
98,V_1-98,V_2-98
99,V_1-99,V_2-99
100,V_1-100,V_2-100
101,V_1-101,V_2-101
102,V_1-102,V_2-102
103,V_1-103,V_2-103
104,V_1-104,V_2-104
105,V_1-105,V_2-105
106,V_1-106,V_2-106
107,V_1-107,V_2-107
108,V_1-108,V_2-108
109,V_1-109,V_2-109
110,V_1-110,V_2-110
111,V_1-111,V_2-111
112,V_1-112,V_2-112
113,V_1-113,V_2-113
114,V_1-114,V_2-114
115,V_1-115,V_2-115
116,V_1-116,V_2-116
117,V_1-117,V_2-117
118,V_1-118,V_2-118
119,V_1-119,V_2-119
120,V_1-120,V_2-120
121,V_1-121,V_2-121
122,V_1-122,V_2-122
123,V_1-123,V_2-123
124,V_1-124,V_2-124
125,V_1-125,V_2-125
126,V_1-126,V_2-126
127,V_1-127,V_2-127
128,V_1-128,V_2-128
129,V_1-129,V_2-129
130,V_1-130,V_2-130
131,V_1-131,V_2-131
132,V_1-132,V_2-132
133,V_1-133,V_2-133
134,V_1-134,V_2-134
135,V_1-135,V_2-135
136,V_1-136,V_2-136
137,V_1-137,V_2-137
138,V_1-138,V_2-138
139,V_1-139,V_2-139
140,V_1-140,V_2-140
141,V_1-141,V_2-141
142,V_1-142,V_2-142
143,V_1-143,V_2-143
144,V_1-144,V_2-144
145,V_1-145,V_2-145
146,V_1-146,V_2-146
147,V_1-147,V_2-147
148,V_1-148,V_2-148
149,V_1-149,V_2-149
150,V_1-150,V_2-150
151,V_1-151,V_2-151
152,V_1-152,V_2-152
153,V_1-153,V_2-153
154,V_1-154,V_2-154
155,V_1-155,V_2-155
156,V_1-156,V_2-156
157,V_1-157,V_2-157
158,V_1-158,V_2-158
159,V_1-159,V_2-159
160,V_1-160,V_2-160
161,V_1-161,V_2-161
162,V_1-162,V_2-162
163,V_1-163,V_2-163
164,V_1-164,V_2-164
165,V_1-165,V_2-165
166,V_1-166,V_2-166
167,V_1-167,V_2-167
168,V_1-168,V_2-168
169,V_1-169,V_2-169
170,V_1-170,V_2-170
171,V_1-171,V_2-171
172,V_1-172,V_2-172
173,V_1-173,V_2-173
174,V_1-174,V_2-174
175,V_1-175,V_2-175
176,V_1-176,V_2-176
177,V_1-177,V_2-177
178,V_1-178,V_2-178
179,V_1-179,V_2-179
180,V_1-180,V_2-180
181,V_1-181,V_2-181
182,V_1-182,V_2-182
183,V_1-183,V_2-183
184,V_1-184,V_2-184
185,V_1-185,V_2-185
186,V_1-186,V_2-186
187,V_1-187,V_2-187
188,V_1-188,V_2-188
189,V_1-189,V_2-189
190,V_1-190,V_2-190
191,V_1-191,V_2-191
192,V_1-192,V_2-192
193,V_1-193,V_2-193
194,V_1-194,V_2-194
195,V_1-195,V_2-195
196,V_1-196,V_2-196
197,V_1-197,V_2-197
198,V_1-198,V_2-198
199,V_1-199,V_2-199
200,V_1-200,V_2-200
201,V_1-201,V_2-201
202,V_1-202,V_2-202
203,V_1-203,V_2-203
204,V_1-204,V_2-204
205,V_1-205,V_2-205
206,V_1-206,V_2-206
207,V_1-207,V_2-207
208,V_1-208,V_2-208
209,V_1-209,V_2-209
210,V_1-210,V_2-210
211,V_1-211,V_2-211
212,V_1-212,V_2-212
213,V_1-213,V_2-213
214,V_1-214,V_2-214
215,V_1-215,V_2-215
216,V_1-216,V_2-216
217,V_1-217,V_2-217
218,V_1-218,V_2-218
219,V_1-219,V_2-219
220,V_1-220,V_2-220
221,V_1-221,V_2-221
222,V_1-222,V_2-222
223,V_1-223,V_2-223
224,V_1-224,V_2-224
225,V_1-225,V_2-225
226,V_1-226,V_2-226
227,V_1-227,V_2-227
228,V_1-228,V_2-228
229,V_1-229,V_2-229
230,V_1-230,V_2-230
231,V_1-231,V_2-231
232,V_1-232,V_2-232
233,V_1-233,V_2-233
234,V_1-234,V_2-234
235,V_1-235,V_2-235
236,V_1-236,V_2-236
237,V_1-237,V_2-237
238,V_1-238,V_2-238
239,V_1-239,V_2-239
240,V_1-240,V_2-240
241,V_1-241,V_2-241
242,V_1-242,V_2-242
243,V_1-243,V_2-243
244,V_1-244,V_2-244
245,V_1-245,V_2-245
246,V_1-246,V_2-246
247,V_1-247,V_2-247
248,V_1-248,V_2-248
249,V_1-249,V_2-249
250,V_1-250,V_2-250
251,V_1-251,V_2-251
252,V_1-252,V_2-252
253,V_1-253,V_2-253
254,V_1-254,V_2-254
255,V_1-255,V_2-255
256,V_1-256,V_2-256
257,V_1-257,V_2-257
258,V_1-258,V_2-258
259,V_1-259,V_2-259
260,V_1-260,V_2-260
261,V_1-261,V_2-261
262,V_1-262,V_2-262
263,V_1-263,V_2-263
264,V_1-264,V_2-264
265,V_1-265,V_2-265
266,V_1-266,V_2-266
267,V_1-267,V_2-267
268,V_1-268,V_2-268
269,V_1-269,V_2-269
270,V_1-270,V_2-270
271,V_1-271,V_2-271
272,V_1-272,V_2-272
273,V_1-273,V_2-273
274,V_1-274,V_2-274
275,V_1-275,V_2-275
276,V_1-276,V_2-276
277,V_1-277,V_2-277
278,V_1-278,V_2-278
279,V_1-279,V_2-279
280,V_1-280,V_2-280
281,V_1-281,V_2-281
282,V_1-282,V_2-282
283,V_1-283,V_2-283
284,V_1-284,V_2-284
285,V_1-285,V_2-285
286,V_1-286,V_2-286
287,V_1-287,V_2-287
288,V_1-288,V_2-288
289,V_1-289,V_2-289
290,V_1-290,V_2-290
291,V_1-291,V_2-291
292,V_1-292,V_2-292
293,V_1-293,V_2-293
294,V_1-294,V_2-294
295,V_1-295,V_2-295
296,V_1-296,V_2-296
297,V_1-297,V_2-297
298,V_1-298,V_2-298
299,V_1-299,V_2-299
300,V_1-300,V_2-300
301,V_1-301,V_2-301
302,V_1-302,V_2-302
303,V_1-303,V_2-303
304,V_1-304,V_2-304
305,V_1-305,V_2-305
306,V_1-306,V_2-306
307,V_1-307,V_2-307
308,V_1-308,V_2-308
309,V_1-309,V_2-309
310,V_1-310,V_2-310
311,V_1-311,V_2-311
312,V_1-312,V_2-312
313,V_1-313,V_2-313
314,V_1-314,V_2-314
315,V_1-315,V_2-315
316,V_1-316,V_2-316
317,V_1-317,V_2-317
318,V_1-318,V_2-318
319,V_1-319,V_2-319
320,V_1-320,V_2-320
321,V_1-321,V_2-321
322,V_1-322,V_2-322
323,V_1-323,V_2-323
324,V_1-324,V_2-324
325,V_1-325,V_2-325
326,V_1-326,V_2-326
327,V_1-327,V_2-327
328,V_1-328,V_2-328
329,V_1-329,V_2-329
330,V_1-330,V_2-330
331,V_1-331,V_2-331
332,V_1-332,V_2-332
333,V_1-333,V_2-333
334,V_1-334,V_2-334
335,V_1-335,V_2-335
336,V_1-336,V_2-336
337,V_1-337,V_2-337
338,V_1-338,V_2-338
339,V_1-339,V_2-339
340,V_1-340,V_2-340
341,V_1-341,V_2-341
342,V_1-342,V_2-342
343,V_1-343,V_2-343
344,V_1-344,V_2-344
345,V_1-345,V_2-345
346,V_1-346,V_2-346
347,V_1-347,V_2-347
348,V_1-348,V_2-348
349,V_1-349,V_2-349
350,V_1-350,V_2-350
351,V_1-351,V_2-351
352,V_1-352,V_2-352
353,V_1-353,V_2-353
354,V_1-354,V_2-354
355,V_1-355,V_2-355
356,V_1-356,V_2-356
357,V_1-357,V_2-357
358,V_1-358,V_2-358
359,V_1-359,V_2-359
360,V_1-360,V_2-360
361,V_1-361,V_2-361
362,V_1-362,V_2-362
363,V_1-363,V_2-363
364,V_1-364,V_2-364
365,V_1-365,V_2-365
366,V_1-366,V_2-366
367,V_1-367,V_2-367
368,V_1-368,V_2-368
369,V_1-369,V_2-369
370,V_1-370,V_2-370
371,V_1-371,V_2-371
372,V_1-372,V_2-372
373,V_1-373,V_2-373
374,V_1-374,V_2-374
375,V_1-375,V_2-375
376,V_1-376,V_2-376
377,V_1-377,V_2-377
378,V_1-378,V_2-378
379,V_1-379,V_2-379
380,V_1-380,V_2-380
381,V_1-381,V_2-381
382,V_1-382,V_2-382
383,V_1-383,V_2-383
384,V_1-384,V_2-384
385,V_1-385,V_2-385
386,V_1-386,V_2-386
387,V_1-387,V_2-387
388,V_1-388,V_2-388
389,V_1-389,V_2-389
390,V_1-390,V_2-390
391,V_1-391,V_2-391
392,V_1-392,V_2-392
393,V_1-393,V_2-393
394,V_1-394,V_2-394
395,V_1-395,V_2-395
396,V_1-396,V_2-396
397,V_1-397,V_2-397
398,V_1-398,V_2-398
399,V_1-399,V_2-399
400,V_1-400,V_2-400
401,V_1-401,V_2-401
402,V_1-402,V_2-402
403,V_1-403,V_2-403
404,V_1-404,V_2-404
405,V_1-405,V_2-405
406,V_1-406,V_2-406
407,V_1-407,V_2-407
408,V_1-408,V_2-408
409,V_1-409,V_2-409
410,V_1-410,V_2-410
411,V_1-411,V_2-411
412,V_1-412,V_2-412
413,V_1-413,V_2-413
414,V_1-414,V_2-414
415,V_1-415,V_2-415
416,V_1-416,V_2-416
417,V_1-417,V_2-417
418,V_1-418,V_2-418
419,V_1-419,V_2-419
420,V_1-420,V_2-420
421,V_1-421,V_2-421
422,V_1-422,V_2-422
423,V_1-423,V_2-423
424,V_1-424,V_2-424
425,V_1-425,V_2-425
426,V_1-426,V_2-426
427,V_1-427,V_2-427
428,V_1-428,V_2-428
429,V_1-429,V_2-429
430,V_1-430,V_2-430
431,V_1-431,V_2-431
432,V_1-432,V_2-432
433,V_1-433,V_2-433
434,V_1-434,V_2-434
435,V_1-435,V_2-435
436,V_1-436,V_2-436
437,V_1-437,V_2-437
438,V_1-438,V_2-438
439,V_1-439,V_2-439
440,V_1-440,V_2-440
441,V_1-441,V_2-441
442,V_1-442,V_2-442
443,V_1-443,V_2-443
444,V_1-444,V_2-444
445,V_1-445,V_2-445
446,V_1-446,V_2-446
447,V_1-447,V_2-447
448,V_1-448,V_2-448
449,V_1-449,V_2-449
450,V_1-450,V_2-450
451,V_1-451,V_2-451
452,V_1-452,V_2-452
453,V_1-453,V_2-453
454,V_1-454,V_2-454
455,V_1-455,V_2-455
456,V_1-456,V_2-456
457,V_1-457,V_2-457
458,V_1-458,V_2-458
459,V_1-459,V_2-459
460,V_1-460,V_2-460
461,V_1-461,V_2-461
462,V_1-462,V_2-462
463,V_1-463,V_2-463
464,V_1-464,V_2-464
465,V_1-465,V_2-465
466,V_1-466,V_2-466
467,V_1-467,V_2-467
468,V_1-468,V_2-468
469,V_1-469,V_2-469
470,V_1-470,V_2-470
471,V_1-471,V_2-471
472,V_1-472,V_2-472
473,V_1-473,V_2-473
474,V_1-474,V_2-474
475,V_1-475,V_2-475
476,V_1-476,V_2-476
477,V_1-477,V_2-477
478,V_1-478,V_2-478
479,V_1-479,V_2-479
480,V_1-480,V_2-480
481,V_1-481,V_2-481
482,V_1-482,V_2-482
483,V_1-483,V_2-483
484,V_1-484,V_2-484
485,V_1-485,V_2-485
486,V_1-486,V_2-486
487,V_1-487,V_2-487
488,V_1-488,V_2-488
489,V_1-489,V_2-489
490,V_1-490,V_2-490
491,V_1-491,V_2-491
492,V_1-492,V_2-492
493,V_1-493,V_2-493
494,V_1-494,V_2-494
495,V_1-495,V_2-495
496,V_1-496,V_2-496
497,V_1-497,V_2-497
498,V_1-498,V_2-498
499,V_1-499,V_2-499
500,V_1-500,V_2-500
501,V_1-501,V_2-501
502,V_1-502,V_2-502
503,V_1-503,V_2-503
504,V_1-504,V_2-504
505,V_1-505,V_2-505
506,V_1-506,V_2-506
507,V_1-507,V_2-507
508,V_1-508,V_2-508
509,V_1-509,V_2-509
510,V_1-510,V_2-510
511,V_1-511,V_2-511
512,V_1-512,V_2-512
513,V_1-513,V_2-513
514,V_1-514,V_2-514
515,V_1-515,V_2-515
516,V_1-516,V_2-516
517,V_1-517,V_2-517
518,V_1-518,V_2-518
519,V_1-519,V_2-519
520,V_1-520,V_2-520
521,V_1-521,V_2-521
522,V_1-522,V_2-522
523,V_1-523,V_2-523
524,V_1-524,V_2-524
525,V_1-525,V_2-525
526,V_1-526,V_2-526
527,V_1-527,V_2-527
528,V_1-528,V_2-528
529,V_1-529,V_2-529
530,V_1-530,V_2-530
531,V_1-531,V_2-531
532,V_1-532,V_2-532
533,V_1-533,V_2-533
534,V_1-534,V_2-534
535,V_1-535,V_2-535
536,V_1-536,V_2-536
537,V_1-537,V_2-537
538,V_1-538,V_2-538
539,V_1-539,V_2-539
540,V_1-540,V_2-540
541,V_1-541,V_2-541
542,V_1-542,V_2-542
543,V_1-543,V_2-543
544,V_1-544,V_2-544
545,V_1-545,V_2-545
546,V_1-546,V_2-546
547,V_1-547,V_2-547
548,V_1-548,V_2-548
549,V_1-549,V_2-549
550,V_1-550,V_2-550
551,V_1-551,V_2-551
552,V_1-552,V_2-552
553,V_1-553,V_2-553
554,V_1-554,V_2-554
555,V_1-555,V_2-555
556,V_1-556,V_2-556
557,V_1-557,V_2-557
558,V_1-558,V_2-558
559,V_1-559,V_2-559
560,V_1-560,V_2-560
561,V_1-561,V_2-561
562,V_1-562,V_2-562
563,V_1-563,V_2-563
564,V_1-564,V_2-564
565,V_1-565,V_2-565
566,V_1-566,V_2-566
567,V_1-567,V_2-567
568,V_1-568,V_2-568
569,V_1-569,V_2-569
570,V_1-570,V_2-570
571,V_1-571,V_2-571
572,V_1-572,V_2-572
573,V_1-573,V_2-573
574,V_1-574,V_2-574
575,V_1-575,V_2-575
576,V_1-576,V_2-576
577,V_1-577,V_2-577
578,V_1-578,V_2-578
579,V_1-579,V_2-579
580,V_1-580,V_2-580
581,V_1-581,V_2-581
582,V_1-582,V_2-582
583,V_1-583,V_2-583
584,V_1-584,V_2-584
585,V_1-585,V_2-585
586,V_1-586,V_2-586
587,V_1-587,V_2-587
588,V_1-588,V_2-588
589,V_1-589,V_2-589
590,V_1-590,V_2-590
591,V_1-591,V_2-591
592,V_1-592,V_2-592
593,V_1-593,V_2-593
594,V_1-594,V_2-594
595,V_1-595,V_2-595
596,V_1-596,V_2-596
597,V_1-597,V_2-597
598,V_1-598,V_2-598
599,V_1-599,V_2-599
600,V_1-600,V_2-600
601,V_1-601,V_2-601
602,V_1-602,V_2-602
603,V_1-603,V_2-603
604,V_1-604,V_2-604
605,V_1-605,V_2-605
606,V_1-606,V_2-606
607,V_1-607,V_2-607
608,V_1-608,V_2-608
609,V_1-609,V_2-609
610,V_1-610,V_2-610
611,V_1-611,V_2-611
612,V_1-612,V_2-612
613,V_1-613,V_2-613
614,V_1-614,V_2-614
615,V_1-615,V_2-615
616,V_1-616,V_2-616
617,V_1-617,V_2-617
618,V_1-618,V_2-618
619,V_1-619,V_2-619
620,V_1-620,V_2-620
621,V_1-621,V_2-621
622,V_1-622,V_2-622
623,V_1-623,V_2-623
624,V_1-624,V_2-624
625,V_1-625,V_2-625
626,V_1-626,V_2-626
627,V_1-627,V_2-627
628,V_1-628,V_2-628
629,V_1-629,V_2-629
630,V_1-630,V_2-630
631,V_1-631,V_2-631
632,V_1-632,V_2-632
633,V_1-633,V_2-633
634,V_1-634,V_2-634
635,V_1-635,V_2-635
636,V_1-636,V_2-636
637,V_1-637,V_2-637
638,V_1-638,V_2-638
639,V_1-639,V_2-639
640,V_1-640,V_2-640
641,V_1-641,V_2-641
642,V_1-642,V_2-642
643,V_1-643,V_2-643
644,V_1-644,V_2-644
645,V_1-645,V_2-645
646,V_1-646,V_2-646
647,V_1-647,V_2-647
648,V_1-648,V_2-648
649,V_1-649,V_2-649
650,V_1-650,V_2-650
651,V_1-651,V_2-651
652,V_1-652,V_2-652
653,V_1-653,V_2-653
654,V_1-654,V_2-654
655,V_1-655,V_2-655
656,V_1-656,V_2-656
657,V_1-657,V_2-657
658,V_1-658,V_2-658
659,V_1-659,V_2-659
660,V_1-660,V_2-660
661,V_1-661,V_2-661
662,V_1-662,V_2-662
663,V_1-663,V_2-663
664,V_1-664,V_2-664
665,V_1-665,V_2-665
666,V_1-666,V_2-666
667,V_1-667,V_2-667
668,V_1-668,V_2-668
669,V_1-669,V_2-669
670,V_1-670,V_2-670
671,V_1-671,V_2-671
672,V_1-672,V_2-672
673,V_1-673,V_2-673
674,V_1-674,V_2-674
675,V_1-675,V_2-675
676,V_1-676,V_2-676
677,V_1-677,V_2-677
678,V_1-678,V_2-678
679,V_1-679,V_2-679
680,V_1-680,V_2-680
681,V_1-681,V_2-681
682,V_1-682,V_2-682
683,V_1-683,V_2-683
684,V_1-684,V_2-684
685,V_1-685,V_2-685
686,V_1-686,V_2-686
687,V_1-687,V_2-687
688,V_1-688,V_2-688
689,V_1-689,V_2-689
690,V_1-690,V_2-690
691,V_1-691,V_2-691
692,V_1-692,V_2-692
693,V_1-693,V_2-693
694,V_1-694,V_2-694
695,V_1-695,V_2-695
696,V_1-696,V_2-696
697,V_1-697,V_2-697
698,V_1-698,V_2-698
699,V_1-699,V_2-699
700,V_1-700,V_2-700
701,V_1-701,V_2-701
702,V_1-702,V_2-702
703,V_1-703,V_2-703
704,V_1-704,V_2-704
705,V_1-705,V_2-705
706,V_1-706,V_2-706
707,V_1-707,V_2-707
708,V_1-708,V_2-708
709,V_1-709,V_2-709
710,V_1-710,V_2-710
711,V_1-711,V_2-711
712,V_1-712,V_2-712
713,V_1-713,V_2-713
714,V_1-714,V_2-714
715,V_1-715,V_2-715
716,V_1-716,V_2-716
717,V_1-717,V_2-717
718,V_1-718,V_2-718
719,V_1-719,V_2-719
720,V_1-720,V_2-720
721,V_1-721,V_2-721
722,V_1-722,V_2-722
723,V_1-723,V_2-723
724,V_1-724,V_2-724
725,V_1-725,V_2-725
726,V_1-726,V_2-726
727,V_1-727,V_2-727
728,V_1-728,V_2-728
729,V_1-729,V_2-729
730,V_1-730,V_2-730
731,V_1-731,V_2-731
732,V_1-732,V_2-732
733,V_1-733,V_2-733
734,V_1-734,V_2-734
735,V_1-735,V_2-735
736,V_1-736,V_2-736
737,V_1-737,V_2-737
738,V_1-738,V_2-738
739,V_1-739,V_2-739
740,V_1-740,V_2-740
741,V_1-741,V_2-741
742,V_1-742,V_2-742
743,V_1-743,V_2-743
744,V_1-744,V_2-744
745,V_1-745,V_2-745
746,V_1-746,V_2-746
747,V_1-747,V_2-747
748,V_1-748,V_2-748
749,V_1-749,V_2-749
750,V_1-750,V_2-750
751,V_1-751,V_2-751
752,V_1-752,V_2-752
753,V_1-753,V_2-753
754,V_1-754,V_2-754
755,V_1-755,V_2-755
756,V_1-756,V_2-756
757,V_1-757,V_2-757
758,V_1-758,V_2-758
759,V_1-759,V_2-759
760,V_1-760,V_2-760
761,V_1-761,V_2-761
762,V_1-762,V_2-762
763,V_1-763,V_2-763
764,V_1-764,V_2-764
765,V_1-765,V_2-765
766,V_1-766,V_2-766
767,V_1-767,V_2-767
768,V_1-768,V_2-768
769,V_1-769,V_2-769
770,V_1-770,V_2-770
771,V_1-771,V_2-771
772,V_1-772,V_2-772
773,V_1-773,V_2-773
774,V_1-774,V_2-774
775,V_1-775,V_2-775
776,V_1-776,V_2-776
777,V_1-777,V_2-777
778,V_1-778,V_2-778
779,V_1-779,V_2-779
780,V_1-780,V_2-780
781,V_1-781,V_2-781
782,V_1-782,V_2-782
783,V_1-783,V_2-783
784,V_1-784,V_2-784
785,V_1-785,V_2-785
786,V_1-786,V_2-786
787,V_1-787,V_2-787
788,V_1-788,V_2-788
789,V_1-789,V_2-789
790,V_1-790,V_2-790
791,V_1-791,V_2-791
792,V_1-792,V_2-792
793,V_1-793,V_2-793
794,V_1-794,V_2-794
795,V_1-795,V_2-795
796,V_1-796,V_2-796
797,V_1-797,V_2-797
798,V_1-798,V_2-798
799,V_1-799,V_2-799
800,V_1-800,V_2-800
801,V_1-801,V_2-801
802,V_1-802,V_2-802
803,V_1-803,V_2-803
804,V_1-804,V_2-804
805,V_1-805,V_2-805
806,V_1-806,V_2-806
807,V_1-807,V_2-807
808,V_1-808,V_2-808
809,V_1-809,V_2-809
810,V_1-810,V_2-810
811,V_1-811,V_2-811
812,V_1-812,V_2-812
813,V_1-813,V_2-813
814,V_1-814,V_2-814
815,V_1-815,V_2-815
816,V_1-816,V_2-816
817,V_1-817,V_2-817
818,V_1-818,V_2-818
819,V_1-819,V_2-819
820,V_1-820,V_2-820
821,V_1-821,V_2-821
822,V_1-822,V_2-822
823,V_1-823,V_2-823
824,V_1-824,V_2-824
825,V_1-825,V_2-825
826,V_1-826,V_2-826
827,V_1-827,V_2-827
828,V_1-828,V_2-828
829,V_1-829,V_2-829
830,V_1-830,V_2-830
831,V_1-831,V_2-831
832,V_1-832,V_2-832
833,V_1-833,V_2-833
834,V_1-834,V_2-834
835,V_1-835,V_2-835
836,V_1-836,V_2-836
837,V_1-837,V_2-837
838,V_1-838,V_2-838
839,V_1-839,V_2-839
840,V_1-840,V_2-840
841,V_1-841,V_2-841
842,V_1-842,V_2-842
843,V_1-843,V_2-843
844,V_1-844,V_2-844
845,V_1-845,V_2-845
846,V_1-846,V_2-846
847,V_1-847,V_2-847
848,V_1-848,V_2-848
849,V_1-849,V_2-849
850,V_1-850,V_2-850
851,V_1-851,V_2-851
852,V_1-852,V_2-852
853,V_1-853,V_2-853
854,V_1-854,V_2-854
855,V_1-855,V_2-855
856,V_1-856,V_2-856
857,V_1-857,V_2-857
858,V_1-858,V_2-858
859,V_1-859,V_2-859
860,V_1-860,V_2-860
861,V_1-861,V_2-861
862,V_1-862,V_2-862
863,V_1-863,V_2-863
864,V_1-864,V_2-864
865,V_1-865,V_2-865
866,V_1-866,V_2-866
867,V_1-867,V_2-867
868,V_1-868,V_2-868
869,V_1-869,V_2-869
870,V_1-870,V_2-870
871,V_1-871,V_2-871
872,V_1-872,V_2-872
873,V_1-873,V_2-873
874,V_1-874,V_2-874
875,V_1-875,V_2-875
876,V_1-876,V_2-876
877,V_1-877,V_2-877
878,V_1-878,V_2-878
879,V_1-879,V_2-879
880,V_1-880,V_2-880
881,V_1-881,V_2-881
882,V_1-882,V_2-882
883,V_1-883,V_2-883
884,V_1-884,V_2-884
885,V_1-885,V_2-885
886,V_1-886,V_2-886
887,V_1-887,V_2-887
888,V_1-888,V_2-888
889,V_1-889,V_2-889
890,V_1-890,V_2-890
891,V_1-891,V_2-891
892,V_1-892,V_2-892
893,V_1-893,V_2-893
894,V_1-894,V_2-894
895,V_1-895,V_2-895
896,V_1-896,V_2-896
897,V_1-897,V_2-897
898,V_1-898,V_2-898
899,V_1-899,V_2-899
900,V_1-900,V_2-900
901,V_1-901,V_2-901
902,V_1-902,V_2-902
903,V_1-903,V_2-903
904,V_1-904,V_2-904
905,V_1-905,V_2-905
906,V_1-906,V_2-906
907,V_1-907,V_2-907
908,V_1-908,V_2-908
909,V_1-909,V_2-909
910,V_1-910,V_2-910
911,V_1-911,V_2-911
912,V_1-912,V_2-912
913,V_1-913,V_2-913
914,V_1-914,V_2-914
915,V_1-915,V_2-915
916,V_1-916,V_2-916
917,V_1-917,V_2-917
918,V_1-918,V_2-918
919,V_1-919,V_2-919
920,V_1-920,V_2-920
921,V_1-921,V_2-921
922,V_1-922,V_2-922
923,V_1-923,V_2-923
924,V_1-924,V_2-924
925,V_1-925,V_2-925
926,V_1-926,V_2-926
927,V_1-927,V_2-927
928,V_1-928,V_2-928
929,V_1-929,V_2-929
930,V_1-930,V_2-930
931,V_1-931,V_2-931
932,V_1-932,V_2-932
933,V_1-933,V_2-933
934,V_1-934,V_2-934
935,V_1-935,V_2-935
936,V_1-936,V_2-936
937,V_1-937,V_2-937
938,V_1-938,V_2-938
939,V_1-939,V_2-939
940,V_1-940,V_2-940
941,V_1-941,V_2-941
942,V_1-942,V_2-942
943,V_1-943,V_2-943
944,V_1-944,V_2-944
945,V_1-945,V_2-945
946,V_1-946,V_2-946
947,V_1-947,V_2-947
948,V_1-948,V_2-948
949,V_1-949,V_2-949
950,V_1-950,V_2-950
951,V_1-951,V_2-951
952,V_1-952,V_2-952
953,V_1-953,V_2-953
954,V_1-954,V_2-954
955,V_1-955,V_2-955
956,V_1-956,V_2-956
957,V_1-957,V_2-957
958,V_1-958,V_2-958
959,V_1-959,V_2-959
960,V_1-960,V_2-960
961,V_1-961,V_2-961
962,V_1-962,V_2-962
963,V_1-963,V_2-963
964,V_1-964,V_2-964
965,V_1-965,V_2-965
966,V_1-966,V_2-966
967,V_1-967,V_2-967
968,V_1-968,V_2-968
969,V_1-969,V_2-969
970,V_1-970,V_2-970
971,V_1-971,V_2-971
972,V_1-972,V_2-972
973,V_1-973,V_2-973
974,V_1-974,V_2-974
975,V_1-975,V_2-975
976,V_1-976,V_2-976
977,V_1-977,V_2-977
978,V_1-978,V_2-978
979,V_1-979,V_2-979
980,V_1-980,V_2-980
981,V_1-981,V_2-981
982,V_1-982,V_2-982
983,V_1-983,V_2-983
984,V_1-984,V_2-984
985,V_1-985,V_2-985
986,V_1-986,V_2-986
987,V_1-987,V_2-987
988,V_1-988,V_2-988
989,V_1-989,V_2-989
990,V_1-990,V_2-990
991,V_1-991,V_2-991
992,V_1-992,V_2-992
993,V_1-993,V_2-993
994,V_1-994,V_2-994
995,V_1-995,V_2-995
996,V_1-996,V_2-996
997,V_1-997,V_2-997
998,V_1-998,V_2-998
999,V_1-999,V_2-999
1000,V_1-1000,V_2-1000
